org_id	remap_id
American President	0
Arsenic and Old Lace	12
Back to the Future	27
10 Things I Hate About You	44
The Truth About Cats and Dogs	55
E.T. The Extra-Terrestrial	63
The Empire Strikes Back	74
Return of the Jedi	92
Jaws	95
The Lost World: Jurassic Park	110
Men in Black	170
Saving Private Ryan	190
The Matrix	206
Star Wars	222
The Sixth Sense	242
Toy Story 2	252
Forrest Gump	273
Gladiator	281
The Lion King	296
Jurassic Park	305
Home Alone	312
Terminator 2 - Judgment Day	322
Batman	334
Independence Day	345
Secrets & Lies	362
Jude	368
Everyone Says I Love You	376
The English Patient	389
Sex, Lies, and Videotape	431
Psycho	437
Annie Hall	457
Manhattan	463
8 1/2	470
Groundhog Day	479
The Unbearable Lightness of Being	489
Paris, Texas	495
The Birds	503
The Portrait of a Lady	516
Batman Forever	527
The Peacemaker	538
Gattaca	578
One Night Stand	608
Sliding Doors	636
Sense and Sensibility	645
Great Expectations	654
Hush	669
The Man in the Iron Mask	675
A Perfect Murder	717
Take the Money and Run	722
The Exorcist	730
The Avengers	739
Rosemary's Baby	748
Topaz	760
Marnie	769
I Confess	777
Jamaica Inn	788
Sabotage	798
Rich and Strange	807
Practical Magic	814
Shakespeare in Love	823
Radio Days	837
Angela's Ashes	842
Jennifer 8	854
Four Weddings and a Funeral	861
Small Time Crooks	866
To Die For	880
Widow's Peak	890
Seven	895
Malice	909
Manhattan Murder Mystery	920
Remains of the Day	924
Mighty Aphrodite	931
Terminal Velocity	940
Germinal	946
Alphaville	958
The Horseman on the Roof	965
Multiplicity	972
Emma	980
Vertigo	1002
Rear Window	1015
Notorious	1024
The 39 Steps	1033
A Few Good Men	1043
My Cousin Vinny	1054
Damien: Omen II	1061
Dead Alive	1072
The Godfather	1079
Batman Returns	1106
Bad Boys	1113
Spawn	1122
Judge Dredd	1137
Blade	1146
X-Men	1160
Dirty Dancing	1175
Coyote Ugly	1188
Basic Instinct	1204
The Fifth Element	1211
Mouse Hunt	1320
King of New York	1334
Four Rooms	1345
The Prophecy	1361
Armageddon	1366
Disclosure	1389
Jack Frost	1394
Blast From the Past	1403
Pulp Fiction	1410
Sleepy Hollow	1423
Fatal Attraction	1435
Death Becomes Her	1442
Sleepaway Camp	1452
Color of Night	1461
Striking Distance	1469
Braveheart	1474
Top Gun	1484
The Saint	1499
Austin Powers: International Man of Mystery	1549
Dumb and Dumber	1596
Pleasantville	1605
Fletch	1619
National Lampoon's Christmas Vacation	1636
Message in a Bottle	1644
Lost & Found	1656
Austin Powers: The Spy Who Shagged Me	1667
Mystery Men	1676
The Shawshank Redemption	1695
Tommy Boy	1703
Speed	1712
What About Bob?	1718
Best in Show	1726
Meet the Parents	1741
So I Married An Axe Murderer	1751
Tombstone	1758
Mr. Holland's Opus	1779
Kingpin	1784
Black Sheep	1788
Monty Python and the Holy Grail	1796
M.A.S.H.	1807
Sinbad: Legend of the Seven Seas	1813
Leaving Las Vegas	1821
Office Space	1825
High Fidelity	1836
Clueless	1848
Toy Story	1863
The Sound of Music	1867
Raiders of the Lost Ark	1879
Indiana Jones and the Last Crusade	1887
Grease	1893
Liar Liar	1920
Apollo 13	1932
There's Something About Mary	1939
Indiana Jones and the Temple of Doom	1949
The Waterboy	1955
A Bug's Life	1966
Crocodile Dundee	1982
Star Wars: Episode I - The Phantom Menace	1992
Tarzan	2009
Big Daddy	2017
The Color Purple	2026
Home Alone 2: Lost in New York	2034
Mission: Impossible 2	2037
The Perfect Storm	2048
Scary Movie	2061
Aladdin	2074
Dances With Wolves	2078
Snow White and the Seven Dwarfs	2083
Twister	2090
The Blair Witch Project	2096
The Terminator	2104
Total Recall	2110
Last Action Hero	2120
Eraser	2128
The Devil's Advocate	2141
American Pie	2158
Deuce Bigalow: Male Gigolo	2178
Die Hard	2188
Die Hard 2: Die Harder	2197
Air Force One	2203
Die Hard With a Vengeance	2234
Six Days, Seven Nights	2239
French Kiss	2248
Notting Hill	2254
What Lies Beneath	2263
Henry V	2271
Circle of Friends	2276
My Life So Far	2280
Dead Again	2289
Peter's Friends	2293
Dogma	2298
Howard's End	2312
Carrington	2318
Restoration	2322
Much Ado About Nothing	2328
Sirens	2333
Fallen Angels	2340
A Little Princess	2348
The Princess Bride	2349
Aliens	2358
A Clockwork Orange	2365
BASEketball	2375
Orgazmo	2384
Clue	2391
The Rocky Horror Picture Show	2396
Little Shop of Horrors	2405
Band of the Hand	2414
Near Dark	2421
Clerks	2425
A Perfect World	2426
Airplane!	2430
Schindler's List	2439
Casablanca	2448
Gone With the Wind	2478
The Devil's Own	2512
The Mask of Zorro	2517
Lock, Stock & Two Smoking Barrels	2524
Fight Club	2534
The Story of Us	2543
Gone in 60 Seconds	2547
The Shadow	2565
Silence of the Lambs	2571
Scrooged	2582
Shallow Grave	2596
Benny & Joon	2601
Shall We Dance?	2606
Edward Scissorhands	2621
Awakenings	2629
Glory	2631
Unforgiven	2640
When Harry Met Sally...	2645
Sling Blade	2648
Contact	2653
G.I. Jane	2673
Smoke Signals	2706
Cruel Intentions	2714
Heaven Can Wait	2724
Big	2740
American Beauty	2751
Boys Don't Cry	2762
Risky Business	2776
Robocop	2781
Anywhere But Here	2786
Erin Brockovich	2798
Where the Heart Is	2810
Requiem for a Dream	2819
Ghost	2828
Beautiful Girls	2830
Bottle Rocket	2837
Reservoir Dogs	2845
Akira	2851
Field of Dreams	2854
Citizen Ruth	2859
Lost Highway	2868
Jackie Brown	2878
As Good As It Gets	2897
Blue Velvet	2902
Rushmore	2908
Open Your Eyes	2919
Eyes Wide Shut	2926
Tommy	2937
Natural Born Killers	2948
El Mariachi	2951
Mission to Mars	2955
Solaris	2967
Frequency	2977
Nutty Professor II: The Klumps	2985
The Fugitive	2997
The Hudsucker Proxy	3006
Heat	3014
Fargo	3021
The Rock	3029
Dr. Strangelove or: How I Learned to Stop Worrying and Love the Bomb	3037
Trainspotting	3044
2001: A Space Odyssey	3049
Stand by Me	3058
My Best Friend's Wedding	3067
I Know What You Did Last Summer	3083
The Truman Show	3100
Scream 2	3105
The Breakfast Club	3162
Adventures in Babysitting	3168
I Still Know What You Did Last Summer	3172
Scream 3	3181
While You Were Sleeping	3190
Road Trip	3195
The Patriot	3213
Disney's The Kid	3226
Remember the Titans	3232
The Usual Suspects	3248
The Sting	3253
Butch Cassidy and the Sundance Kid	3272
Say Anything	3278
Boondock Saints	3289
Grosse Pointe Blank	3297
Suicide Kings	3327
American History X	3332
The Exorcist 3	3339
Excalibur	3342
Caddyshack	3350
Glengarry Glen Ross	3356
Blood Work	3359
Donnie Brasco	3364
Event Horizon	3365
L.A. Confidential	3377
Midnight in the Garden of Good and Evil	3385
The Replacement Killers	3429
The Negotiator	3444
Dirty Work	3450
A Night at the Roxbury	3458
Soldier	3467
Outbreak	3473
Swimming With Sharks	3476
Hard Boiled	3484
Predator	3497
The Big Kahuna	3504
The Ref	3509
True Romance	3513
A Time to Kill	3517
Escape From L.A.	3520
Last Man Standing	3529
Alien	3535
West Side Story	3539
Peter Pan	3548
Whatever It Takes	3551
The Client	3563
Beauty and the Beast	3571
Platoon	3578
Taxi Driver	3584
Goodfellas	3592
Full Metal Jacket	3605
King Kong Vs. Godzilla	3611
JFK	3614
Houseguest	3617
National Lampoon's Animal House	3625
Dazed and Confused	3632
Cats & Dogs	3642
The Original Kings of Comedy	3651
The Birdcage	3658
A View to a Kill	3663
Goldfinger	3675
From Russia with Love	3684
Dr. No	3689
For Your Eyes Only	3697
Live and Let Die	3703
Thunderball	3710
The Spy Who Loved Me	3716
Moonraker	3724
The Man With the Golden Gun	3728
The Horse Whisperer	3734
The Parent Trap	3738
Life-Size	3745
Now and Then	3752
Lord of the Flies	3759
Center Stage	3767
The Goonies	3778
Happy Gilmore	3786
The Godfather Part II	3791
Con Air	3797
The Jackal	3829
Billy Madison	3833
What Dreams May Come	3836
Enemy of the State	3840
The Mummy	3846
Wild Wild West	3852
Double Jeopardy	3861
Romeo Must Die	3867
Rules of Engagement	3882
Rising Sun	3890
Falling Down	3896
Predator 2	3902
Airheads	3907
The Abyss	3918
Pretty Woman	3921
Cube	3979
The Faculty	3989
West Beirut	3999
Stargate	4012
Cliffhanger	4021
From Dusk Till Dawn	4032
Deep Rising	4037
The Omega Code	4051
Anaconda	4061
Rush Hour	4067
Twin Dragons	4074
Shanghai Noon	4080
Wild Things	4094
Halloween	4100
Varsity Blues	4109
My Favorite Martian	4116
Deep Blue Sea	4120
Bowfinger	4127
The World Is Not Enough	4131
Any Given Sunday	4145
Rudy	4156
Perfect Blue	4159
Gridlock'd	4163
Seven Years in Tibet	4172
Gang Related	4186
Bram Stoker's Dracula	4196
Burnt Offerings	4201
Vampires	4206
Eyes of Laura Mars	4212
Flatliners	4219
Alien 3	4221
The Crucible	4224
Teenage Mutant Ninja Turtles - The Movie	4227
Hocus Pocus	4230
It Takes Two	4235
Girlfight	4242
Wishmaster	4249
Lost in Space	4258
Jumanji	4265
Pitch Black	4271
Little Nicky	4281
Beverly Hills Ninja	4293
The Haunting	4297
The Color of Money	4303
Thinner	4306
Stalag 17	4310
The Odd Couple	4318
U-571	4326
Broken Arrow	4341
Meet Joe Black	4343
A River Runs Through It	4348
Almost Famous	4351
Heathers	4368
Spice World	4370
The First Wives Club	4390
Roger & Me	4398
The Green Mile	4400
The Big Lebowski	4413
Being John Malkovich	4425
Primal Fear	4432
Homeward Bound - The Incredible Journey	4433
Monty Python's Life of Brian	4437
Casper	4443
Senseless	4446
Waterworld	4491
Wayne's World	4494
Wayne's World 2	4499
The Shining	4512
Carrie	4514
Honey, I Shrunk the Kids	4522
Drive Me Crazy	4529
Ferris Bueller's Day Off	4542
House on Haunted Hill	4553
Bring It On	4561
Fear	4586
Payback	4590
Quiz Show	4602
The Little Rascals	4604
Drop Dead Gorgeous	4610
Nightmare on Elm Street 3, A - Dream Warriors	4619
The Texas Chainsaw Massacre	4624
Wes Craven's New Nightmare	4634
National Lampoon's Vacation	4639
Magnum Force	4642
The Naked Gun - From the Files of Police Squad!	4648
The Naked Gun 2 1/2 - The Smell of Fear	4655
Beverly Hills Cop III	4657
Rain Man	4661
Mrs. Doubtfire	4667
Mission: Impossible	4671
Christine	4674
Scent of a Woman	4677
Resurrection Man	4683
Dumbo	4690
Teenage Mutant Ninja Turtles 2 - The Secret of the Ooze	4691
The Teenage Mutant Ninja Turtles III	4697
Pee-Wee's Big Adventure	4705
Mortal Kombat	4712
Chasing Amy	4716
Good Will Hunting	4731
Mallrats	4737
Rounders	4743
Boiler Room	4749
Very Bad Things	4760
A Simple Plan	4764
Ravenous	4775
Home Alone 3	4779
The Limey	4794
North	4802
Manny & Lo	4804
Money Talks	4808
Rocky	4813
Rambo 3	4821
South Park: Bigger, Longer & Uncut	4825
Detroit Rock City	4827
Stop! or My Mom Will Shoot	4842
Ready to Rumble	4861
City Hall	4872
Sleeper	4873
Bananas	4879
Sophie's Choice	4884
Days of Thunder	4887
The Grifters	4888
One Flew Over the Cuckoo's Nest	4894
To Kill a Mockingbird	4908
Apocalypse Now	4925
Once Upon a Time in America	4927
Raging Bull	4931
Miller's Crossing	4934
Chinatown	4943
The Deer Hunter	4956
The Man Who Would Be King	4961
Cape Fear	4968
Mars Attacks	4971
Raising Arizona	4978
Tin Men	4983
Beyond Rangoon	4984
Casino	4987
The Hunt for Red October	4995
First Knight	4997
The Apostle	5001
Out of Sight	5045
Kramer Vs. Kramer	5048
Terms of Endearment	5054
Dangerous Liaisons	5057
The Purple Rose of Cairo	5059
Tender Mercies	5066
The Dead Zone	5069
The Untouchables	5079
Ronin	5082
The Big Chill	5086
The Jewel of the Nile	5088
Romancing the Stone	5091
The Thin Red Line	5093
Ruthless People	5110
The Long Goodbye	5113
Night Shift	5120
Interview With the Vampire	5127
Just Cause	5130
Entrapment	5132
Arlington Road	5134
For Love of the Game	5140
The Insider	5150
The Longest Day	5164
The Natural	5174
Jagged Edge	5177
Midnight Run	5178
The Fisher King	5180
The Great Santini	5182
The Two Jakes	5187
The Last Picture Show	5191
Easy Rider	5194
The Talented Mr. Ripley	5200
The Presidio	5209
Five Easy Pieces	5212
Against All Odds	5225
Fast Times at Ridgemont High	5229
A Cry in the Dark	5234
The Bodyguard	5239
Breaking Away	5246
Bull Durham	5253
Dog Day Afternoon	5256
A Night to Remember	5259
And Justice for All	5293
True Grit	5296
Network	5302
No Way Out	5337
The Virgin Suicides	5342
Blood Simple	5352
The Fabulous Baker Boys	5357
The Running Man	5361
Starman	5363
Angel Heart	5391
The Paper	5399
Action Jackson	5400
The Conversation	5403
Serpico	5410
The Sugarland Express	5415
Thunderbolt and Lightfoot	5420
Dreamscape	5423
True Lies	5425
Interiors	5429
Wyatt Earp	5436
The Contender	5439
Blown Away	5449
The Firm	5450
Diabolique	5451
White Squall	5454
Mary Reilly	5462
It's a Wonderful Life	5468
Election	5478
Runaway Bride	5486
The Pelican Brief	5487
William Shakespeare's Romeo & Juliet	5493
Can't Hardly Wait	5497
The Beach	5508
Final Destination	5521
Me, Myself & Irene	5529
The Cell	5537
The Transporter	5543
A Nightmare on Elm Street	5556
Fear and Loathing in Las Vegas	5558
The Crow	5561
The Crow: Salvation	5566
The Nightmare Before Christmas	5568
Young Frankenstein	5572
Star Trek VI: The Undiscovered Country	5576
Star Trek II: The Wrath Of Khan	5588
Star Trek III: The Search For Spock	5599
Star Trek IV: The Voyage Home	5600
Star Trek: Insurrection	5602
American Flyers	5611
Encino Man	5614
Star Trek Generations	5620
The Hot Spot	5626
Better Off Dead	5630
One Crazy Summer	5637
Reach the Rock	5645
Mystery, Alaska	5648
Man of the House	5659
Dangerous Minds	5662
The Mask	5669
Bringing Up Baby	5673
Sixteen Candles	5682
The Jerk	5695
The Man With Two Brains	5709
Three Amigos!	5711
Sgt. Bilko	5713
But I'm a Cheerleader	5721
Welcome to the Dollhouse	5731
The Bridges of Madison County	5743
City of Angels	5745
Three to Tango	5751
Boys and Girls	5761
Bed of Roses	5772
Harold and Maude	5775
Jingle All the Way	5779
Playing God	5835
Half Baked	5869
Nightmare on Elm Street 5, A - The Dream Child	5881
Friday the 13th	5885
Friday the 13th Part 4: The Final Chapter	5889
Jason Goes to Hell - The Final Friday	5896
King Kong	5901
Just Visiting	5911
Mighty Joe Young	5919
Hamlet	5923
Demolition Man	5947
The End of the Affair	5952
Titus	5960
Small Soldiers	5969
Ever After	5975
Swingers	5979
Rocky II	5983
Rocky III	5986
Rocky IV	5989
Reindeer Games	5990
The Wedding Singer	5998
Shakes the Clown	6044
Carlito's Way	6049
Bulletproof	6055
Deep Impact	6062
Back to the Future Part II	6069
Forever Young	6071
For Richer or Poorer	6090
Teaching Mrs. Tingle	6094
The Skulls	6101
Raise the Titanic	6110
Barb Wire	6112
The Mighty Ducks	6119
Lawrence of Arabia	6121
The Bridge on the River Kwai	6138
Ben-Hur	6149
The Devil's Brigade	6161
Fantastic Voyage	6171
Citizen Kane	6178
You've Got Mail	6203
Everest	6211
Dead Poets Society	6216
Stigmata	6223
The Postman	6229
Live Flesh	6238
Kissing a Fool	6247
The Journey of Natty Gann	6265
Class	6269
Soul Man	6274
The Hand That Rocks the Cradle	6280
The Ninth Gate	6283
The War	6289
Red Dawn	6292
Parenthood	6294
The Replacements	6296
The Age of Innocence	6313
In the Name of the Father	6315
Bandits	6322
Candleshoe	6345
Footloose	6355
Face/Off	6359
The Full Monty	6381
Boogie Nights	6410
Ace Ventura: When Nature Calls	6428
Lolita	6434
Snake Eyes	6436
Powder	6441
First Blood	6444
8MM	6446
National Lampoon's European Vacation	6447
End of Days	6451
Thelma & Louise	6456
Ace Ventura: Pet Detective	6458
Honeymoon in Vegas	6468
Goldeneye	6470
Patton	6475
Close Encounters of the Third Kind	6484
Looking For Richard	6490
Sleepers	6493
The Graduate	6499
The Game	6510
Tomorrow Never Dies	6572
Lethal Weapon 4	6603
Lethal Weapon	6607
Lethal Weapon 2	6615
Back to the Future Part III	6619
Rope	6625
Antz	6632
Dick Tracy	6637
The Iron Giant	6640
Three Kings	6643
Happy, Texas	6650
Trading Places	6657
Bad Lieutenant	6659
Wonder Boys	6667
Maverick	6696
Everything You Always Wanted to Know About Sex, But Were Afraid to Ask	6711
A Bronx Tale	6716
Dragonheart	6720
Two Bits	6722
North by Northwest	6724
To Catch a Thief	6733
Drowning Mona	6739
Next Friday	6751
Friday	6765
The Ghost and the Darkness	6772
The People vs. Larry Flynt	6778
Galaxy Quest	6782
Fools Rush In	6795
Legends of the Fall	6798
Love Affair	6801
Henry Fool	6806
My Blue Heaven	6813
Firewalker	6815
Timecop	6820
8 Heads in a Duffel Bag	6824
Army of Darkness	6844
Showgirls	6847
The 13th Warrior	6850
Dancer, Texas Pop. 81	6852
200 Cigarettes	6856
Desert Blue	6862
Empire Records	6869
In Search of the Castaways	6875
Crimson Tide	6881
Beetlejuice	6887
Simon Birch	6901
Ed Wood	6907
Flashdance	6914
Man On the Moon	6918
Far and Away	6926
James and the Giant Peach	6928
Black Mask	6931
Highlander: Endgame	6934
Conan the Barbarian	6945
Phantasm	6952
To Gillian on Her 37th Birthday	6958
A Fish Called Wanda	6960
The Crying Game	6962
Amadeus	6963
Evil Dead 2 - Dead by Dawn	6971
Highlander	6976
The Omen	6982
Jaws 2	6996
Jaws 3-D	7015
The Evening Star	7032
The Edge	7038
A Life Less Ordinary	7040
Anastasia	7055
Fallen	7059
Still Breathing	7064
Lethal Weapon 3	7070
The Little Mermaid	7075
Weird Science	7079
Don Juan de Marco	7084
Assassins	7090
Rambo - First Blood Pt. 2	7091
Immortal Beloved	7093
Instinct	7097
The General's Daughter	7103
Backdraft	7105
The Cider House Rules	7106
The Cutting Edge	7116
Jacob's Ladder	7119
Ladyhawke	7123
It Could Happen to You	7125
F/X	7127
In the Mouth of Madness	7130
Fearless	7132
Sleepless in Seattle	7133
Courage Under Fire	7135
All That Jazz	7139
Strictly Ballroom	7145
Kama Sutra: A Tale of Love	7153
The X-Files: Fight the Future	7157
An Ideal Husband	7161
The Thomas Crown Affair	7165
Nell	7170
Sommersby	7172
The Blue Lagoon	7173
Mansfield Park	7176
Waking the Dead	7186
The Watcher	7196
One Fine Day	7205
Moll Flanders	7207
The Spitfire Grill	7212
Broadcast News	7216
Anna and the King	7217
The Matchmaker	7226
The Glimmer Man	7232
The Lawnmower Man	7237
Children of the Corn IV: The Gathering	7239
Somewhere in Time	7244
The Amityville Horror	7246
Candyman	7251
Nightwatch	7253
Volcano	7257
Desperate Measures	7262
Kiss the Girls	7295
Phantoms	7301
Starship Troopers	7321
Alien Resurrection	7361
Hello Mary Lou - Prom Night 2	7381
Child's Play 3	7386
Poltergeist III	7397
Exorcist 2 - The Heretic	7400
Gremlins	7401
Disturbing Behavior	7408
The Lord of the Rings	7416
Children of the Corn	7418
House 1	7422
The Karate Kid Pt. 2	7427
The Karate Kid Pt. 3	7431
In Dreams	7437
The Fly II	7442
Pet Sematary II	7447
Analyze This	7450
The Corruptor	7457
Idle Hands	7461
Superman III	7468
Lake Placid	7472
Mary Shelley's Frankenstein	7475
Chill Factor	7476
Bringing Out the Dead	7481
Creepshow	7487
The Funhouse	7492
Tank Girl	7496
Village of the Damned	7501
Virtuosity	7503
The Jungle Book	7506
Puppet Master	7509
Curse of the Puppet Master	7516
Mad Max Beyond Thunderdome	7530
Firestarter	7536
Freejack	7539
The Way of the Gun	7542
In the Line of Fire	7549
Robocop 3	7551
Bound	7556
Vampire in Brooklyn	7558
Bean	7563
The Greatest Show on Earth	7582
Bicentennial Man	7592
Brazil	7599
This Is Spinal Tap	7603
Airport	7616
The Adventures of Robin Hood	7626
The African Queen	7632
The Black Hole	7636
Who's Afraid of Virginia Woolf?	7641
Airport 1975	7645
Airport '77	7650
Earthquake	7655
Psycho 2	7665
Snow Falling on Cedars	7667
Assault on Precinct 13	7674
Mulholland Falls	7681
Fletch Lives	7682
The Poseidon Adventure	7685
Keeping the Faith	7693
Mary Poppins	7702
Home Fries	7722
She's All That	7731
Little Women	7736
Tom and Huck	7741
The Dark Crystal	7743
Tron	7745
Dead Man on Campus	7749
The Whole Nine Yards	7758
The Siege	7766
The Bone Collector	7775
Girl, Interrupted	7781
National Lampoon's Senior Trip	7785
Friday the 13th Part 2	7788
Halloween 2	7791
The Outsiders	7793
The Last Temptation of Christ	7795
Blade Runner	7797
Roman Holiday	7802
Waiting for Guffman	7810
On the Waterfront	7811
A Man for All Seasons	7828
Midnight Cowboy	7832
Ordinary People	7837
Pink Flamingos	7839
Do the Right Thing	7847
The Brother From Another Planet	7849
Romper Stomper	7854
The Love Bug	7862
Old Yeller	7866
Swiss Family Robinson	7880
Cool Runnings	7884
Angels in the Outfield	7888
Cinderella	7891
Winnie the Pooh and the Blustery Day	7893
The Three Caballeros	7894
The Sword in the Stone	7907
Pete's Dragon	7916
Bedknobs and Broomsticks	7921
The Fox and the Hound	7928
Aladdin and the King of Thieves	7932
Muppet Treasure Island	7933
The Old Man and the Sea	7937
The Return of the Pink Panther	7946
The Day the Earth Stood Still	7953
Fried Green Tomatoes	7962
Cool Hand Luke	7966
Fantasia	7972
Gandhi	7982
Real Genius	7988
The Killing Fields	7997
Balto	8000
Star Trek: First Contact	8003
101 Dalmatians	8005
Sneakers	8006
Ghosts of Mississippi	8007
Murder at 1600	8009
Rob Roy	8013
Hercules	8016
George of the Jungle	8019
Picture Perfect	8026
Stripes	8046
The Rainmaker	8050
Witness	8060
Red Corner	8065
Education of Little Tree, The	8073
Mighty Morphin Power Rangers: The Movie	8076
The Spanish Prisoner	8085
Zero Effect	8090
Hope Floats	8094
All Quiet on the Western Front	8096
Gentleman's Agreement	8101
Oliver!	8107
The French Connection	8125
Chariots of Fire	8135
The Last Emperor	8141
Soylent Green	8144
Bambi	8149
The Cat From Outer Space	8150
The Great Mouse Detective	8158
Herbie Goes Bananas	8161
The Burbs	8163
Lady and the Tramp	8167
The Rescuers Down Under	8168
White Man's Burden	8172
The Rescuers	8180
Return From Witch Mountain	8185
The Return of Jafar	8191
Sleeping Beauty	8192
Splash	8193
L.A. Story	8194
Charlotte's Web	8198
The Gods Must Be Crazy	8201
Air Bud: Golden Receiver	8206
The Man Who Knew Too Much	8214
Willow	8224
Shadow of a Doubt	8232
Suspicion	8237
Working Girl	8246
The Elephant Man	8248
Runaway Train	8251
Forget Paris	8255
Gung Ho	8256
A Goofy Movie	8258
The Prince of Egypt	8259
Miracle on 34th Street	8267
Pale Rider	8272
Cocoon	8275
Young Sherlock Holmes	8280
Back to School	8285
The Karate Kid	8287
Patch Adams	8289
A Civil Action	8291
At First Sight	8308
Running Scared	8313
Heartbreak Ridge	8316
October Sky	8324
Logan's Run	8327
Planet of the Apes	8331
Superman: The Movie	8337
Superman II	8343
Superman IV - The Quest for Peace	8344
The Beastmaster	8347
The Thirteenth Floor	8349
The Mosquito Coast	8356
The Golden Child	8358
The Mission	8360
Cat's Eye	8362
And Now for Something Completely Different	8365
Funny Farm	8368
Murder in the First	8372
Mickey Blue Eyes	8375
Nobody's Fool	8381
Iron Eagle	8382
Medicine Man	8385
Barefoot in the Park	8387
The Year of Living Dangerously	8392
High Plains Drifter	8394
Time Bandits	8401
Licence to Kill	8433
Nighthawks	8437
Robin Hood	8441
Mister Roberts	8442
Little Big Man	8454
Tora! Tora! Tora!	8460
The Verdict	8469
Stand and Deliver	8470
Jeremiah Johnson	8473
Matewan	8483
The River	8485
Places in the Heart	8488
The Swan Princess	8489
Stuart Little	8490
Fantasia 2000	8493
The Falcon and the Snowman	8504
The Santa Clause	8507
The Hurricane	8515
My Dog Skip	8518
Sister Act	8529
A League of Their Own	8532
Patriot Games	8535
Of Mice and Men	8537
Snow Day	8539
Hoosiers	8550
American Graffiti	8552
Harry and the Hendersons	8558
Babe	8560
Good Morning, Vietnam	8565
Blood and Sand	8570
Lucas	8584
The Road to El Dorado	8592
Clear and Present Danger	8602
Murphy's Romance	8606
The Outlaw Josey Wales	8609
Force 10 From Navarone	8613
28 Days	8614
Mr. Mom	8628
I Love Trouble	8631
Blazing Saddles	8633
Fun and Fancy Free	8635
The Golden Voyage of Sinbad	8638
Speechless	8642
Sinbad and the Eye of the Tiger	8643
Air America	8648
Shane	8649
Under Suspicion	8656
City Slickers II: The Legend of Curly's Gold	8664
Dave	8668
Hard Target	8669
Pocahontas	8671
The Man Without a Face	8672
Philadelphia	8675
Searching for Bobby Fischer	8678
The Big Green	8680
Pinocchio	8688
The Aristocats	8695
The Hunchback of Notre Dame	8697
The Juror	8698
Ransom	8701
The Philadelphia Story	8706
Gaslight	8714
Some Like it Hot	8718
Charade	8729
The Wizard of Oz	8733
Top Hat	8746
His Girl Friday	8755
Michael Collins	8770
Titan A.E.	8771
Tall Tale: The Unbelievable Adventure	8775
Tarantula	8777
Never Been Kissed	8786
Babes in Toyland	8794
Ride	8797
Stir of Echoes	8827
Down to You	8833
Conspiracy Theory	8843
Amistad	8848
The Muppet Christmas Carol	8881
An American Tail	8886
Rocky V	8887
Junior	8893
Who Framed Roger Rabbit?	8894
The Specialist	8896
Hook	8897
The Flintstones	8899
Chicken Run	8914
Wolf	8922
Daylight	8923
The Lords of Flatbush	8926
Get Carter	8935
Why Do Fools Fall in Love	8942
Crooklyn	8946
Matilda	8952
Mafia!	8958
Dark City	8962
The Last Supper	9006
Three Days of the Condor	9010
Brokedown Palace	9016
Wild America	9020
I'll Be Home For Christmas	9027
The Adventures of Pinocchio	9038
The Blues Brothers	9040
Deconstructing Harry	9045
The Sweet Hereafter	9050
Celebrity	9072
All About My Mother	9079
Bullets Over Broadway	9089
What's Eating Gilbert Grape?	9093
Down Periscope	9094
Wag the Dog	9096
Sphere	9105
Nine Months	9107
Key Largo	9108
Guess Who's Coming to Dinner	9113
Space Cowboys	9121
I Love You, I Love You Not	9123
The Other Sister	9140
Dancer in the Dark	9143
The Craft	9150
Private Parts	9154
The Newton Boys	9189
Species	9236
Driving Miss Daisy	9238
A Walk in the Clouds	9240
Popeye	9244
Stepmom	9245
Go	9249
Life	9250
Pushing Tin	9255
Run Lola Run	9261
Blue Streak	9271
Random Hearts	9275
White Men Can't Jump	9278
Return to Me	9281
Big Momma's House	9292
The Art of War	9298
Robin Hood: Men in Tights	9300
Sabrina	9303
Mommie Dearest	9308
The Addams Family	9314
U-Turn	9317
The Last Time I Committed Suicide	9318
Basquiat	9320
Under Siege	9325
Fire Down Below	9330
Under Siege 2: Dark Territory	9340
The Transformers: The Movie	9342
Freddy's Dead: The Final Nightmare	9344
Problem Child	9348
Problem Child 2	9351
Stay Tuned	9353
Red Sonja	9356
American Psycho	9358
The Piano	9363
Permanent Midnight	9364
Spartacus	9370
Shaft	9375
Halloween 4: The Return of Michael Myers	9384
Halloween 5: The Revenge of Michael Myers	9389
The Texas Chainsaw Massacre Part 2	9394
Leatherface: The Texas Chainsaw Massacre 3	9397
Father's Day	9402
That Thing You Do!	9405
Getting Even With Dad	9412
The Adventures of Rocky and Bullwinkle	9413
Hilary and Jackie	9419
S.L.C. Punk!	9423
Phenomenon	9431
Excess Baggage	9435
Max Dugan Returns	9443
True Crime	9444
Breaking the Waves	9446
Red Firecracker, Green Firecracker	9448
Papillon	9454
Marathon Man	9459
Before Sunrise	9461
Music of the Heart	9462
The Indian in the Cupboard	9466
History of the World - Pt. 1	9470
Out of Africa	9473
Indecent Proposal	9475
The Way We Were	9477
House Arrest	9480
A Room With a View	9483
Ghostbusters 2	9486
Bio-Dome	9487
Purple Noon	9491
Dante's Peak	9500
Out to Sea	9505
Grumpier Old Men	9530
Grumpy Old Men	9532
Bird on a Wire	9533
Twilight	9536
Misery	9547
Bachelor Party	9549
A Thin Line Between Love and Hate	9553
Paths of Glory	9559
Touch of Evil	9567
Young Guns	9572
Young Guns II	9575
Evita	9578
Dune	9580
The Thing	9582
The Fly	9586
Still Crazy	9596
Kiss of Death	9600
eXistenZ	9601
The War of the Worlds	9606
Barry Lyndon	9622
Wanted Dead or Alive	9629
Othello - The Lost Masterpiece	9632
The Straight Story	9635
Buffy the Vampire Slayer	9643
Birdy	9648
Destination Moon	9650
Bitter Moon	9656
Red Rock West	9657
Big Trouble in Little China	9658
White Sands	9663
Cop Land	9664
Friday the 13th Part 6 - Jason Lives	9708
Overnight Delivery	9712
Bad Taste	9716
An American Werewolf in London	9721
April Fool's Day	9724
Nosferatu	9732
Child's Play	9739
Poltergeist	9740
Henry Portrait of a Serial Killer	9743
Dracula	9745
Frankenstein	9752
Hellraiser	9765
Slumber Party Massacre	9769
Halloween 6: The Curse of Michael Myers	9775
Night of the Living Dead	9783
National Lampoon's Loaded Weapon 1	9792
Another Stakeout	9801
The Chamber	9803
Weekend at Bernie's	9805
My Left Foot	9809
The Right Stuff	9812
The Last of the Mohicans	9814
U.S. Marshals	9819
And the Band Played On	9822
Grand Canyon	9828
Legend	9831
Pretty in Pink	9832
St. Elmo's Fire	9833
Boys on the Side	9834
We're No Angels	9842
2010: The Year We Make Contact	9843
Police Academy	9844
Police Academy 2 - Their First Assignment	9856
Cocoon 2 - The Return	9859
Peggy Sue Got Married	9861
Crocodile Dundee 2	9867
EDtv	9871
Arachnophobia	9875
Outrageous Fortune	9881
Milk Money	9883
Spaceballs	9886
The Messenger: The Story of Joan of Arc	9888
The Commitments	9899
Harvey	9909
The Boys From Brazil	9915
Sister Act 2: Back in the Habit	9922
Singles	9925
Single White Female	9935
The Muppet Movie	9937
Bloodsport	9940
La Bamba	9946
Cobb	9951
Naked Gun 33 1/3 - The Final Insult	9952
Soapdish	9955
Kentucky Fried Movie	9958
Alice In Wonderland	9963
Steel Magnolias	9965
Addams Family Values	9967
The Beverly Hillbillies	9968
With Honors	9971
Hot Shots Pt. Deux	9974
The Englishman Who Went Up a Hill But Came Down a Mountain	9976
Executive Decision	9978
The Three Musketeers	9979
The Brady Bunch Movie	9980
Mr. Smith Goes to Washington	9993
Once Were Warriors	9996
The Island of Dr. Moreau	9999
Selena	10001
Romy and Michele's High School Reunion	10016
Hackers	10023
Forces of Nature	10026
Dick	10029
Here on Earth	10035
The In Crowd	10041
King of the Hill	10054
Breakdown	10057
Urban Legends: Final Cut	10064
Steam: The Turkish Bath	10075
Plan 9 From Outer Space	10080
Sid & Nancy	10087
Texas Chainsaw Massacre, The: The Next Generation	10094
Carnival of Souls	10109
Return to Oz	10114
To Wong Foo, Thanks for Everything! Julie Newmar	10116
Pi	10118
The Basketball Diaries	10129
Deliverance	10134
Dying Young	10135
Tigerland	10136
Kagemusha	10143
Flipper	10149
Nixon	10154
Mad City	10155
Mr. Magoo	10159
Wrongfully Accused	10181
Jakob the Liar	10184
Heart and Souls	10191
Hollow Man	10192
Coneheads	10198
The Fan	10204
Space Jam	10206
The Ice Storm	10213
The Fury	10217
Nick of Time	10221
The Boy Who Could Fly	10223
Pump Up the Volume	10226
Double Team	10233
Knock Off	10238
Maximum Risk	10241
Moonstruck	10243
Married to the Mob	10246
Hell Night	10247
Phantasm 2	10251
Bless the Child	10253
Sliver	10261
Bonnie and Clyde	10262
On Golden Pond	10268
Ulee's Gold	10271
Strangers on a Train	10279
Player	10283
Happiness	10305
Hoop Dreams	10308
Nurse Betty	10310
Rebel Without a Cause	10316
A Streetcar Named Desire	10323
The Great Escape	10327
The Blob	10334
Flubber	10341
Doctor Zhivago	10352
The Towering Inferno	10357
The Killing	10360
Universal Soldier	10364
Splendor in the Grass	10367
Death Wish	10372
American Gigolo	10378
Jack	10382
Giant	10391
East of Eden	10398
El Dorado	10402
Quest For Camelot	10408
Almost Heroes	10411
Money Train	10412
Third Man, The	10413
Brief Encounter	10416
The General	10424
The Grapes of Wrath	10431
Double Indemnity	10437
Limelight	10443
Blue Chips	10449
The Program	10455
Amos & Andrew	10456
Flight of the Navigator	10458
Singin' in the Rain	10460
Breakfast at Tiffany's	10479
Elizabeth	10482
Mortal Kombat Annihilation	10496
Hang 'Em High	10506
The Pledge	10509
Something to Talk About	10514
Killing Zoe	10515
House of Fools	10522
Kalifornia	10538
Feeling Minnesota	10539
Labyrinth	10541
Cecil B. Demented	10543
Race the Sun	10548
Boomerang	10551
Bulworth	10555
Losing Isaiah	10558
The Rich Man's Wife	10560
Free Willy	10564
The Out-of-Towners	10570
Superstar	10571
Where the Money Is	10577
The Nutty Professor	10593
The Joy Luck Club	10594
Dracula: Dead and Loving It	10600
Batman: Mask of the Phantasm	10607
The Guns of Navarone	10610
House Party	10613
Child's Play 2	10618
Pet Sematary	10624
Dead Men Don't Wear Plaid	10626
Meatballs	10628
Mirror Has Two Faces, The	10633
Pacific Heights	10634
Reality Bites	10635
How to Make an American Quilt	10651
Dudley Do-Right	10654
Diamonds	10661
Supergirl	10667
Angus	10668
The Phantom	10673
My Own Private Idaho	10674
Dersu Uzala	10680
Blue Juice	10681
Brassed Off	10684
The Pillow Book	10714
Velvet Goldmine	10723
Little Voice	10726
Crazy in Alabama	10728
The Astronaut's Wife	10735
Father of the Bride II	10737
Arizona Dream	10742
M	10747
Canadian Bacon	10827
Crumb	10828
Wild Man Blues	10830
Safe	10833
Stardust Memories	10835
Bride of Chucky	10838
Heavenly Creatures	10842
Invasion of the Body Snatchers	10846
Little Odessa	10853
Killer's Kiss	10855
The Minus Man	10864
A Hard Day's Night	10867
Fright Night	10872
Time of the Gypsies	10877
Days of Heaven	10884
Sweet and Lowdown	10888
Poison	10894
Ghost Dog: The Way of the Samurai	10899
Modern Times	10916
The Gold Rush	10924
One False Move	10927
Badlands	10931
First Kid	10934
My Fair Lady	10939
Hideous Kinky	10944
Holy Smoke	10951
The Blue Angel	10957
Light It Up	10962
Re-Animator	10968
Blues Brothers 2000	10973
He Got Game	11053
Young Doctors in Love	11058
Pecker	11059
Affliction	11063
Malcolm X	11064
Diner	11069
The Crossing Guard	11071
The Garbage Pail Kids Movie	11073
12 Angry Men	11077
Shine	11079
The Man Who Knew Too Little	11082
Mercury Rising	11087
Who's Harry Crumb?	11091
Inherit the Wind	11094
Celtic Pride	11100
52 Pick-Up	11104
Stealing Home	11107
The Doors	11113
Torn Curtain	11115
The Wrong Man	11122
Rebecca	11127
Spellbound	11131
House Party 3	11136
D3: The Mighty Ducks	11138
Warriors of Virtue	11140
Speed 2: Cruise Control	11142
Hard Rain	11153
Blank Check	11160
D2: The Mighty Ducks	11163
Bushwhacked	11166
Wisdom	11169
Baby Geniuses	11170
The Bear	11173
Homeward Bound 2 - Lost in San Francisco	11175
Operation Dumbo Drop	11176
Carpool	11178
Super Mario Bros.	11179
Iron Eagle 3 - Aces	11183
Judgment Night	11189
Muriel's Wedding	11191
Above the Rim	11194
Jawbreaker	11196
Major Payne	11201
The Crush	11203
Surviving the Game	11205
Wing Commander	11206
High Noon	11209
Beavis and Butt-head Do America	11216
The Rage: Carrie 2	11217
The Locusts	11225
Tough Guys	11229
I.Q.	11231
Richie Rich	11236
Andre	11237
Beautiful	11241
Marvin's Room	11256
Only You	11261
Children of the Revolution	11262
Metro	11281
Oxygen	11286
Phantom of the Opera	11290
Love Jones	11295
Soul Food	11299
In Too Deep	11308
The Best Man	11311
School Daze	11316
Menace II Society	11322
Nightmare on Elm Street 4, A - The Dream Master	11327
Shanghai Triad	11331
Jade	11339
Body Heat	11341
Twin Peaks - Fire Walk With Me	11343
The Postman Always Rings Twice	11355
Blow Out	11357
Bad Moon	11360
A Thousand Acres	11361
Mad Love	11367
The Scarlet Letter	11368
The Seventh Sign	11370
Nothing But Trouble	11372
The Butcher's Wife	11373
Simply Irresistible	11375
Poison Ivy	11381
Passion of Mind	11383
Skipped Parts	11389
Bad Girls	11390
McCabe & Mrs. Miller	11396
The Long Kiss Goodnight	11399
Devil in a Blue Dress	11402
Little Buddha	11403
Universal Soldier, The Return	11406
Street Fighter	11416
The Quest	11418
The Dirty Dozen	11423
Outside Providence	11429
The Getaway	11433
Heaven's Prisoners	11435
The Arrival	11437
Neverending Story 2, The - The Next Chapter	11439
Hud	11444
The Hustler	11450
The Toxic Avenger	11456
Addicted to Love	11460
Hanging Up	11464
Flesh and Bone	11472
Bob Roberts	11473
Rosewood	11479
Liberty Heights	11482
Blood in Blood Out	11494
Digimon: The Movie	11496
The Crow - City of Angels	11501
Congo	11506
Cutthroat Island	11507
Renaissance Man	11508
Klute	11509
The Trouble With Harry	11513
Irma La Douce	11526
Pal Joey	11539
On the Beach	11547
Bell, Book and Candle	11560
Six Degrees of Separation	11565
Chain Reaction	11567
The Apartment	11568
My Man Godfrey	11572
The Thin Man	11582
Gigi	11586
Major League: Back to the Minors	11593
Where the Buffalo Roam	11600
The Next Best Thing	11602
Maximum Overdrive	11609
Monkey Shines	11612
Sleepwalkers	11616
Species 2	11619
Gremlins 2 - The New Batch	11622
Living Out Loud	11626
Children of the Corn II: The Final Sacrifice	11628
Robocop 2	11636
"Tales From the Crypt Presents ""Demon Knight"""	11639
Hellraiser III - Hell on Earth	11641
The Giant Gila Monster	11648
Candyman - Farewell to the Flesh	11653
Hellraiser: Bloodline	11655
Alaska	11662
The Rocketeer	11671
Apple Dumpling Gang	11673
High School High	11676
Smoke	11677
Porky's	11678
Porky's Revenge	11685
Krippendorf's Tribe	11687
Howard the Duck	11695
The Maltese Falcon	11698
Grease 2	11709
Head Above Water	11714
Boys	11716
The Cook, the Thief, His Wife and Her Lover	11718
Gossip	11723
Johns	11732
Mumford	11734
The Sixth Man	11746
Panther	11755
Waking Ned Devine	11761
Mimic	11769
The Producers	11783
Cabaret	11790
On Her Majesty's Secret Service	11796
Mother	11806
Defending Your Life	11807
The Deep End of the Ocean	11808
Screwed	11814
Dolores Claiborne	11822
Another Day in Paradise	11825
Jungle Fever	11827
Zeus and Roxanne	11829
Lawn Dogs	11833
Thumbelina	11837
Mad About Mambo	11838
The Quick and the Dead	11850
Breakfast of Champions	11851
Short Cuts	11861
Fierce Creatures	11866
That Old Feeling	11871
Free Willy 2: The Adventure Home	11875
Primary Colors	11876
Polish Wedding	11878
Holy Man	11881
Babe: Pig in the City	11882
All About Eve	11884
Marked for Death	11893
Sudden Death	11897
Bonfire of the Vanities	11902
Spy Hard	11908
The Frighteners	11924
Masters of Menace	11929
The Wood	11932
Meet the Deedles	11938
Total Eclipse	11946
Jury Duty	11950
She-Devil	11951
You Can't Take It With You	11953
Amityville Dollhouse	11957
Hairspray	11963
Lightning Jack	11972
Drop Dead Fred	11973
My Science Project	11977
Anatomy	11979
Stealing Beauty	11986
The Big One	11992
Six-String Samurai	11993
Cold Comfort Farm	12003
Harriet the Spy	12005
Mr. Wonderful	12007
Night Falls on Manhattan	12009
She's So Lovely	12011
Children of Heaven	12031
Dance With Me	12038
The Color of Paradise	12042
The Flintstones in Viva Rock Vegas	12050
Martin Lawrence: You So Crazy	12058
Fear of a Black Hat	12059
Gone Fishin'	12062
Without Limits	12066
Nowhere	12070
Johnny Mnemonic	12094
Kidnapped	12097
Digging to China	12099
Guinevere	12101
Autumn in New York	12108
Two Much	12114
Indian Summer	12116
This World, Then the Fireworks	12119
The Governess	12122
Ride With the Devil	12126
Apt Pupil	12133
Lifeforce	12137
Heavy Metal	12140
Bamboozled	12142
Godzilla, King of the Monsters	12148
Godzilla 2000	12151
Traveller	12160
Boxing Helena	12163
A Walk on the Moon	12167
In Love and War	12170
Drop Zone	12171
Little Big League	12174
The Secret Garden	12178
Midnight Express	12183
The Road to Wellville	12185
Like Water for Chocolate	12186
Trick	12190
The Eyes of Tammy Faye	12198
Fresh	12204
The Object of My Affection	12206
She's the One	12207
Fireworks (Hana-Bi)	12209
Land and Freedom	12214
The Brothers McMullen	12219
No Looking Back	12225
Black Sunday	12231
Blink	12234
The Preacher's Wife	12235
Copycat	12239
Trippin'	12240
Romeo and Juliet	12248
Michael	12253
The Next Karate Kid	12254
Lord of Illusions	12257
The Substitute	12258
Indochine	12259
The Bride of Frankenstein	12266
Cat People	12274
The Bat	12276
Creature From the Black Lagoon	12281
The Shop Around the Corner	12289
How Stella Got Her Groove Back	12298
The Mod Squad	12301
Committed	12305
Jack & Sarah	12313
Full Speed	12315
Hellbound: Hellraiser 2	12321
Poetic Justice	12325
Diva	12328
Walkabout	12335
The Sum of Us	12339
The Adventures of Priscilla, Queen of the Desert	12344
The Goodbye Girl	12348
Cat Ballou	12351
Hellraiser: Inferno	12358
Sunchaser	12361
Albino Alligator	12362
My Fellow Americans	12363
subUrbia	12364
Saboteur	12369
Hero	12374
Goodbye Lover	12375
Miami Rhapsody	12377
The Muse	12380
Crimes and Misdemeanors	12387
Drugstore Cowboy	12389
Flawless	12390
Nadine	12393
The Prince of Tides	12394
Prizzi's Honor	12395
Duets	12396
No Escape	12407
Faithful	12408
Flirt	12409
The Return of Martin Guerre	12416
Ponette	12419
The Last Days of Disco	12426
Tea With Mussolini	12429
Corrina, Corrina	12436
Alice in Wonderland	12438
The Beautician and the Beast	12440
Buddy	12445
Wedding Bell Blues	12457
Leave It to Beaver	12459
A Smile Like Yours	12470
Prom Night	12474
Poltergeist II: The Other Side	12478
All Dogs Go To Heaven	12479
Slums of Beverly Hills	12481
Nothing in Common	12485
Armed and Dangerous	12486
My Boyfriend's Back	12487
What Planet Are You From?	12490
Who's That Girl	12498
Blind Date	12500
The Muppets Take Manhattan	12501
Puppet Master 5 - The Final Chapter	12504
The Air Up There	12507
Calendar Girl	12510
Life With Mikey	12513
Made in America	12516
Son-In-Law	12517
Eddie	12520
Father of the Bride	12522
Cat On a Hot Tin Roof	12527
Frankie Starlight	12529
Bastard Out of Carolina	12533
Inventing the Abbotts	12534
Deceiver	12535
Leading Man, The	12542
The Rapture	12547
Return to Paradise	12549
Phoenix	12552
Death and the Maiden	12554
Heaven	12555
A Map of the World	12558
Tom & Viv	12564
The Five Senses	12568
The Prince of Central Park	12576
Killer: A Journal of Murder	12581
The Clan of the Cave Bear	12584
Run Silent, Run Deep	12587
The Sea Wolves	12591
Voyage of the Damned	12593
Cross of Iron	12595
Where Eagles Dare	12599
Captain Horatio Hornblower	12606
Heavyweights	12615
I Got the Hook Up	12619
Trois	12626
Higher Learning	12629
Waiting to Exhale	12632
Set It Off	12634
Surviving Picasso	12637
Quiet Man	12638
How Green Was My Valley	12641
Darby O'Gill and the Little People	12649
Squanto: A Warrior's Tale	12655
Toys	12657
One True Thing	12658
The Money Pit	12660
Tequila Sunrise	12674
The Razor's Edge	12675
Cradle Will Rock	12678
The Searchers	12691
Flying Tigers	12694
The Fighting Seabees	12698
The River Wild	12707
Steal This Movie!	12708
Black Beauty	12715
Geronimo - An American Legend	12716
A Good Man in Africa	12717
Shadowlands	12718
Angel and the Badman	12720
Gods and Monsters	12724
Abbott and Costello Meet Frankenstein	12727
The Omega Man	12750
Kull the Conqueror	12757
The Pope of Greenwich Village	12764
Delicatessen	12766
Being There	12778
Ridicule	12780
In the Company of Men	12788
Watership Down	12800
The Impostors	12803
Dead Ringers	12812
Buena Vista Social Club	12816
The Little Shop of Horrors	12822
Lucie Aubrac	12827
Yojimbo	12834
Battleship Potemkin	12839
Jesus' Son	12845
Two Women	12850
Barcelona	12854
Love Is All There Is	12858
The Ruling Class	12862
Enchanted April	12868
The Umbrellas of Cherbourg	12870
The Browning Version	12893
Illuminata	12895
Conceiving Ada	12897
Around the World in 80 Days	12902
The Last Time I Saw Paris	12923
Men Don't Leave	12926
The Flamingo Kid	12927
The Long Walk Home	12930
Clara's Heart	12933
Bronco Billy	12936
Kelly's Heroes	12937
Guilty as Sin	12940
Home for the Holidays	12941
What Ever Happened to Baby Jane?	12943
Police Academy 3 - Back in Training	12949
Police Academy 5 - Assignment Miami Beach	12953
Police Academy 6 - City Under Siege	12955
The Pest	12956
A Brother's Kiss	12961
Frogs for Snakes	12970
Summer of Sam	12974
A Pyromaniac's Love Story	12982
Joe the King	12985
House of Frankenstein	12988
In & Out	12995
North Dallas Forty	13032
Night of the Creeps	13035
"Tales From the Crypt Presents ""Bordello of Blood"""	13040
Roommates	13045
Unforgettable	13047
Twin Town	13048
Air Bud	13053
Battlefield Earth	13056
Heaven's Burning	13065
Stuart Saves His Family	13068
Date With An Angel	13073
The Cowboy Way	13075
Human Traffic	13078
Fairytale - A True Story	13086
Guantanamera!	13091
The Associate	13100
Alligator	13102
Lassie	13107
Shall We Dance	13108
A Damsel in Distress	13112
Holiday Inn	13120
Anchors Aweigh	13126
On the Town	13131
An American in Paris	13137
Funny Face	13140
The Gay Divorcee	13144
The Band Wagon	13147
The Search for One-Eye Jimmy	13153
City of Industry	13155
Midaq Alley	13158
The Prophecy II	13162
Dream For An Insomniac	13168
Cookie's Fortune	13169
No Mercy	13175
The Very Thought of You	13176
Plunkett & Macleane	13180
Molly	13187
Meatballs 3	13189
Onegin	13194
Gun Shy	13199
Coogan's Bluff	13208
I Dreamed of Africa	13213
Breathless	13219
Alien Nation	13223
Silent Fall	13227
Even Cowgirls Get the Blues	13228
All Dogs Go to Heaven 2	13232
Two if by Sea	13234
'Til There Was You	13236
The Bachelor	13241
A Soldier's Story	13251
Blue Collar	13254
Priest	13255
The Hidden	13257
Bootmen	13262
Mrs. Winterbourne	13274
The Manchurian Candidate	13276
The Sticky Fingers of Time	13281
Held Up	13289
Extreme Measures	13297
They Shoot Horses, Don't They?	13298
A Face in the Crowd	13301
Stanley & Iris	13307
Agnes of God	13308
Coming Home	13310
Barbarella	13316
Othello	13326
That Darn Cat	13327
Paulie	13328
My Family	13330
Barney's Great Adventure	13334
Foxfire	13342
Local Hero	13349
Belly	13351
Groove	13359
Volunteers	13372
Duck Soup	13377
Cyrano de Bergerac	13387
The Black Cauldron	13390
Il Postino	13391
The Ogre	13404
Guardian Angel	13408
Cats Don't Dance	13416
Mark of Zorro, The	13419
Poison Ivy: The New Seduction	13422
Charlie the Lonesome Cougar	13428
Harlem Nights	13431
The Assignment	13434
The Absent-Minded Professor	13444
Blackbeard's Ghost	13446
Son of Flubber	13448
Beneath the Planet of the Apes	13454
Escape From the Planet of the Apes	13457
Missing in Action 2 - The Beginning	13460
Bogus	13464
The Big Sleep	13466
She's Gotta Have It	13476
Lone Star	13481
Repulsion	13487
Laura	13495
Unstrung Heroes	13505
Glory Daze	13506
Booty Call	13510
McHale's Navy	13511
Persuasion	13515
Richard III	13518
Cousin Bette	13520
Frances	13523
The Raven	13527
Serial Mom	13529
So Close	13531
Fly Away Home	13543
Porky's II: The Next Day	13547
Death Wish 3	13550
Death Wish 4 - The Crackdown	13552
Death Wish 5 - The Face of Death	13554
An American Werewolf in Paris	13558
Freeway	13582
An Awfully Big Adventure	13585
The Winter Guest	13587
Love's Labour's Lost	13593
Them!	13598
Battle for the Planet of the Apes	13605
Conquest of the Planet of the Apes	13608
Paradise Road	13611
A Price Above Rubies	13624
54	13628
The Final Conflict: Omen III	13632
Madeline	13635
The Rugrats Movie	13639
Audrey Rose	13651
The Cure	13653
Reds	13654
Escape to Witch Mountain	13656
The City of the Living Dead	13658
Mute Witness	13665
A Kid in King Arthur's Court	13670
Beautiful Thing	13674
Edge of Seventeen	13680
The House of Yes	13687
Jason's Lyric	13690
Pumpkinhead	13693
Men With Guns	13698
Victor/Victoria	13719
The Great Dictator	13721
My Giant	13728
Niagara	13732
The Circus	13737
City Lights	13741
The Kid	13745
Nashville	13749
Santa With Muscles	13753
The Innocents	13761
Keys to Tulsa	13767
The Babysitter	13768
Virus	13771
The Amazing Panda Adventure	13775
White Christmas	13778
Cujo	13782
Safe Passage	13784
Blue Steel	13786
Cheech & Chong's Up in Smoke	13787
Trick or Treat	13790
Red Sorghum	13794
To Live	13797
Not One Less	13799
Ashes of Time	13807
Eve's Bayou	13813
Body Snatchers	13821
The Great White Hype	13822
Original Gangstas	13825
Prefontaine	13830
Bats	13831
Auntie Mame	13835
The Hunted	13841
Trial by Jury	13843
Sunshine	13845
Spanking the Monkey	13850
Buffalo 66	13853
Moonlight and Valentino	13855
Attack of the Killer Tomatoes	13856
The Morning After	13860
Mrs. Dalloway	13861
Children of a Lesser God	13863
Jumpin' Jack Flash	13865
My Favorite Season	13867
Hate	13873
Exotica	13875
Hurlyburly	13877
A Cool, Dry Place	13884
My Life	13886
187	13888
Easy Money	13891
Children of Paradise	13899
The Glass Shield	13904
Dead Presidents	13909
Ran	13910
Some Kind of Wonderful	13921
Kolya	13923
My Bodyguard	13942
Central Station	13945
Twin Falls Idaho	13951
Stop Making Sense	13957
Picture Bride	13963
The Emperor and the Assassin	13967
Tampopo	13975
The Tao of Steve	13979
Two Family House	13986
Cemetery Man	13998
A Very Brady Sequel	14001
Price of Glory	14004
Mi Vida Loca - My Crazy Life	14008
The Perez Family	14015
Catfish in Black Bean Sauce	14016
House 2 - The Second Story	14025
Tumbleweeds	14029
Strange Days	14034
Cabin Boy	14035
Kids in the Hall - Brain Candy	14037
Big Bully	14041
Private School	14042
Born Yesterday	14047
Thomas and the Magic Railroad	14051
The Winslow Boy	14058
The Golden Bowl	14061
Bait	14069
One Tough Cop	14074
Kundun	14076
Burn Hollywood Burn	14110
Some Folks Call It a Sling Blade	14138
Gordy	14140
Mixed Nuts	14146
Exit to Eden	14148
The Stupids	14154
The Champ	14157
The Twelve Chairs	14161
The Borrowers	14166
Inspector Gadget	14179
The Howling	14189
The Guardian	14191
Retroactive	14194
The Relic	14198
Eye for an Eye	14199
The Terrorist	14200
Rough Magic	14206
In the Heat of the Night	14208
The Tigger Movie	14212
Free Willy 3: The Rescue	14218
Time Code	14224
The Mighty	14232
Gloria	14235
Simpatico	14237
Last Dance	14249
The Big Tease	14251
I'll Do Anything	14260
Soft Fruit	14261
Two Friends	14269
Meet Me in St. Louis	14276
The Candidate	14282
Downhill Racer	14286
The Hi-Lo Country	14293
2 Days in the Valley	14299
Vibes	14301
Simon Sez	14302
Turbulence	14308
Fright Night Pt. 2	14311
Vampire Journals	14315
The Adventures of Sebastian Cole	14322
Passion Fish	14329
Three Seasons	14330
Asylum	14339
Sprung	14342
3 Strikes	14343
The Shaggy Dog	14353
Jungle 2 Jungle	14356
The Incredible Journey	14360
Swan Princess, The: Escape From Castle Mountain	14366
Make Mine Music	14367
The Pagemaster	14372
Odd Couple II	14374
The Invisible Man	14385
Hugo Pool	14393
Two Girls and a Guy	14395
Woman in the Dunes	14397
Carnal Knowledge	14402
Croupier	14404
S.F.W.	14422
Ruby in Paradise	14425
Kansas City	14429
My Favorite Year	14431
A Soldier's Daughter Never Cries	14434
Jefferson in Paris	14438
Maurice	14440
The Great Muppet Caper	14442
Love and Death	14443
The End of Violence	14446
When Night Is Falling	14450
Prince Valiant	14455
Meatballs 4	14460
National Lampoon's Last Resort	14464
A Simple Twist of Fate	14467
Family Plot	14468
Murder	14470
Glen or Glenda	14477
Bride of the Monster	14482
Trial and Error	14484
Haunted Honeymoon	14486
In the Army Now	14488
Mr. Wrong	14489
What's Love Got to Do With It?	14492
Mr. Jones	14493
Love! Valour! Compassion!	14494
A Low Down Dirty Shame	14499
Mina Tannenbaum	14501
Daens	14508
Mildred Pierce	14515
Adrenalin: Fear the Rush	14522
Bride of Re-Animator	14524
I Saw What You Did and I Know Who You Are!	14530
Before and After	14532
When We Were Kings	14534
Clockers	14539
Frenzy	14541
Anatomy of a Murder	14547
8 Seconds	14548
My Life as a Dog	14552
Kissed	14558
Nekromantik	14562
Runaway	14564
Prick Up Your Ears	14570
The Tingler	14571
King Kong Lives	14575
The Hollywood Knights	14577
A Far Off Place	14583
The Distinguished Gentleman	14584
Desperately Seeking Susan	14585
Lifeboat	14586
Herbie Goes to Monte Carlo	14593
The Shaggy D.A.	14596
The Cement Garden	14600
The Other Side of Sunday	14606
Sour Grapes	14613
High Art	14618
The Baby-Sitters Club	14622
Commandments	14623
The Suburbans	14625
Crossfire	14628
Murder, My Sweet	14634
Out of the Past	14641
The Beatles - Yellow Submarine	14646
The Taking of Pelham One Two Three	14649
The Story of G.I. Joe	14653
Wild Bunch, The - Restored Director's Cut	14657
The Man From Laramie	14660
Just the Ticket	14666
Gold Diggers: The Secret of Bear Mountain	14669
Tomb of Ligeia	14673
Tales of Terror	14676
The Bad Seed	14678
Return of the Fly	14682
Honey, I Blew Up the Kid	14688
American Tail, An - Fievel Goes West	14689
Muppets From Space	14691
Gypsy	14696
Microcosmos	14701
Beatles, The - Help!	14704
Crime and Punishment in Suburbia	14707
Where's Marlowe?	14717
La Promesse	14722
Wild Bill	14730
Rosetta	14731
Swing Kids	14736
South Pacific	14737
To Sir With Love	14744
House Party 2	14753
Dangerous Ground	14756
Phantasm III: Lord of the Dead	14758
Phantasm IV: Oblivion	14760
Flirting With Disaster	14762
Far From Home: The Adventures of Yellow Dog	14764
Mutiny on the Bounty	14766
Guys and Dolls	14777
The House of the Spirits	14782
Touch	14784
Things to Do in Denver When You're Dead	14786
Best Men	14787
Blue in the Face	14790
Washington Square	14793
Palmetto	14806
The Opposite of Sex	14810
Mortal Thoughts	14813
Heartburn	14814
Limbo	14815
Coma	14822
The Third Miracle	14826
The Underneath	14835
The Good Mother	14836
Mrs. Parker and the Vicious Circle	14839
Knightriders	14840
Being Human	14845
The Trigger Effect	14846
Big Night	14848
The Believers	14849
I'm Not Rappaport	14850
Bliss	14855
Grand Illusion	14858
Madame Butterfly	14864
Artemisia	14868
Dog Park	14877
Steel	14883
Larger Than Life	14888
Space Truckers	14890
Switchback	14892
The Great Race	14894
Get On the Bus	14900
Private Benjamin	14902
Dear God	14905
If Lucy Fell	14907
Meet Wally Sparks	14909
The War at Home	14912
Hoodlum	14914
Firestorm	14917
Repo Man	14923
Heart Condition	14933
Never Talk to Strangers	14937
Pit and the Pendulum	14940
Boiling Point	14943
We're Back! A Dinosaur's Story	14945
Cry, the Beloved Country	14947
Cops & Robbersons	14952
The Pallbearer	14953
A Family Thing	14956
Mother Night	14957
Psycho Beach Party	14958
Amityville 1992 - It's About Time	14974
Amityville 3-D	14976
Psycho 3	14978
Defying Gravity	14979
Trees Lounge	14987
StrangeLand	14990
Threesome	14993
Queens Logic	14996
Country	14998
Shanghai Surprise	14999
Beyond the Mat	15001
Different for Girls	15011
Fair Game	15036
Bent	15039
The Treasure of the Sierra Madre	15043
Deadly Friend	15048
Creepshow 2	15051
Cronos	15054
Night on Earth	15058
Georgia	15060
Rollercoaster	15063
Atlantic City	15065
Schizopolis	15069
The Myth of Fingerprints	15070
Mystery Train	15073
Kika	15080
Body Shots	15084
Autopsy	15094
Dancing at Lughnasa	15102
Plenty	15105
Oscar and Lucinda	15106
Mephisto	15109
Bound for Glory	15114
Faces	15117
Antonia's Line	15121
Six Ways to Sunday	15125
Ten Benny	15130
Condorman	15138
Voyage to the Bottom of the Sea	15142
Needful Things	15145
Love Stinks	15146
Little Nemo - Adventures in Slumberland	15150
The Draughtsman's Contract	15151
Mo' Better Blues	15153
Arthur	15154
Full-Tilt Boogie	15157
American Pop	15160
Naked	15164
Far Away, So Close	15166
Trigger Happy	15170
Gothic	15172
The Ring	15173
Class of Nuke 'Em High	15177
Kazaam	15182
Savior	15184
Wilde	15188
The Adventures of Elmo in Grouchland	15190
In Old California	15195
Isn't She Great	15200
The Gods Must Be Crazy 2	15206
Westworld	15210
Assassination	15216
Missing in Action	15219
Cold Blooded	15220
Phat Beach	15222
The Curse of Frankenstein	15227
Shiloh	15229
Stephen King's The Night Flier	15234
Children of the Corn III: Urban Harvest	15245
Betrayed	15253
A Simple Wish	15254
New Jersey Drive	15255
The War Zone	15259
Down by Law	15264
Stranger Than Paradise	15265
The Stars Fell on Henrietta	15267
All Over Me	15269
Radioland Murders	15275
The Doom Generation	15278
Fandango	15281
The Allnighter	15282
Stars & Bars	15286
No Small Affair	15287
Blame It on Rio	15290
Mona Lisa	15293
Mass Appeal	15295
Brighton Beach Memoirs	15297
From the Hip	15311
Light of Day	15312
The Buddy Holly Story	15314
Someone to Watch Over Me	15320
The Ipcress File	15321
On Any Sunday	15324
Bustin' Loose	15326
Rough Night in Jericho	15330
Under the Rainbow	15332
My Chauffeur	15333
Mr. Saturday Night	15337
The Hunger	15338
Burglar	15339
Cutter's Way	15340
Fled	15342
The Breaks	15344
Golden Earrings	15348
Eaten Alive	15358
Love Is a Many Splendored Thing	15362
Duel in the Sun	15365
Jane Eyre	15372
Night of the Comet	15374
Vanya on 42nd Street	15379
East-West	15384
Mystery Science Theater 3000: The Movie	15396
From Here to Eternity	15406
Agnes Browne	15408
Santitos	15416
Supernova	15439
The Wings of the Dove	15448
3 Ninjas - High Noon at Mega Mountain	15458
Feast of July	15471
Born To Defence	15475
M Butterfly	15479
Next Stop, Wonderland	15480
Pollyanna	15483
Police Academy 4 - Citizens on Patrol	15487
Some Mother's Son	15494
How To Be a Player	15536
Sunset Park	15548
Clay Pigeons	15553
Tex	15556
Better Than Chocolate	15558
So Dear to My Heart	15565
Hot Lead and Cold Feet	15571
Saludos Amigos	15573
Melody Time	15574
Barenaked in America	15575
Buddy Boy	15581
Greaser's Palace	15589
The Dark Half	15590
The Best Years of Our Lives	15591
All the King's Men	15595
A Place in the Sun	15598
Romeo Is Bleeding	15603
Sarafina!	15604
The Butcher Boy	15607
Slam	15611
Down in the Delta	15618
The Paper Chase	15620
A Great Day in Harlem	15625
The Puppet Masters	15631
Jimmy Hollywood	15634
Something Wicked This Way Comes	15635
The Grand Hotel	15636
Jonah Who Will Be 25 in the Year 2000	15646
The Wolf Man	15656
Pie in the Sky	15662
B. Monkey	15664
Whipped	15665
Body Parts	15674
The Specials	15677
Pork Chop Hill	15692
Saving Grace	15696
Secret of NIMH	15707
Telling You	15708
Turbo: A Power Rangers Movie	15712
Star Kid	15718
Man of the Year	15724
Kiss Me Guido	15729
Jeffrey	15741
Hanging Garden	15744
Bedrooms & Hallways	15750
It's In The Water	15756
Before the Rain	15768
Wide Awake	15771
Besieged	15776
Rent-A-Kid	15779
Maybe... Maybe Not	15782
An Affair of Love	15786
The King of Marvin Gardens	15790
Seven Days in May	15792
Trust	15793
Amityville - A New Generation	15798
Little Boy Blue	15799
Hav Plenty	15801
A Raisin in the Sun	15804
I Like It Like That	15810
Girl 6	15813
The Journey of August King	15816
Love in the Afternoon	15818
Grace of My Heart	15819
Fluke	15821
Wings	15823
Marty	15827
The Odessa File	15835
The Baby	15839
Hideaway	15841
Horror Express	15844
Kill Baby Kill	15849
The Addiction	15856
Temptress Moon	15858
Beefcake	15860
Wild Reeds	15866
Living in Oblivion	15871
The Crimson Pirate	15876
Land Before Time III, The: The Time of Great Giving	15886
The Crew	15888
Sesame Street Presents Follow That Bird	15900
Truth or Consequences, N.M.	15901
Telling Lies in America	15903
Tarzan and the Lost City	15906
Clean Slate	15913
Naked in New York	15914
Joe's Apartment	15917
Roustabout	15920
Dangerous Game	15926
Girls Town	15928
Graveyard Shift	15931
Chairman of the Board	15937
Anna Karenina	15942
The Reluctant Debutante	15944
Buck and the Preacher	15949
Return With Honor	15953
The Proposition	15956
The Mating Habits of the Earthbound Human	15964
Santa Fe Trail	15967
The Big Country	15971
Kim	15976
The Little Princess	15981
The Van	15988
Underworld	15998
Woman on Top	16000
Underground	16005
Only Angels Have Wings	16009
The Funeral	16013
The Lady Vanishes	16015
The Stepford Wives	16022
Macao	16028
The Idolmaker	16032
For Love or Money	16039
Star Maps	16041
The Celebration	16053
Ed's Next Move	16066
Benji the Hunted	16071
Blue Sky	16074
I Shot Andy Warhol	16075
Titanic	16080
Man Bites Dog	16084
The Hitch-Hiker	16091
Destiny Turns on the Radio	16100
Nightmares	16102
Love & a .45	16104
